{"/h7N1pVywkw360mxg6C2tg==":"can-mini-split-heat-pumps-be-installed-in-a-ceiling_head-unit-installation.webp","O2v4YV5Pn2rXqdm9lcC9WA==":"how-to-clean-your-split-ac-indoor-unit-at-home_36bb1e12-59ce-47c4-9a87-ea83f53af77b-1000x667.jpg","ZZkA8XCBG52OSnREkSn/SQ==":"how-to-clean-your-split-ac-indoor-unit-at-home_36bb1e12-59ce-47c4-9a87-ea83f53af77b-gigapixel-standard-scale-4_00x-2000x1334.jpg","qY9g1aiohUWJ/al6P35ZKA==":"logo2.png","qAuv9EqJEhMn9CxZMYxqAQ==":"png-clipart-snowflake-drawing-snowflake-winter-leaf-121x69.png","QZZeUISQnJsOKBz4F1gqFA==":"png-clipart-snowflake-drawing-snowflake-winter-leaf-213x233.png","pIgMQEuigiBabi++py5r4g==":"snowflakes_png7579-87x87.png","IMOHwo4L8CKycSQUmQ41cA==":"snowflakes_png7579-96x96.png","COvkEuZcEJNDHT/Y+M8QIA==":"snowflakes_png7579-121x121.png"}